model,roc_auc,avg_precision,best_threshold,best_profit,profit_at_t_0.2
HistGradientBoosting,0.8315849186044769,0.6958151651172826,0.19,63476.035,63150.340000000004
LogisticRegression,0.6592187602067839,0.42584470782286893,0.47500000000000003,27271.864999999998,11011.66
