{"best_overall":{"name":"HistGradientBoosting","best_threshold":0.19,"best_profit":63476.035},"summaries":{"HistGradientBoosting":{"roc_auc":0.8315849186,"avg_precision":0.6958151651,"best_threshold":0.19,"best_profit":63476.035,"profit_at_t_0_2":63150.34},"GradientBoosting":{"roc_auc":0.8165857005,"avg_precision":0.6723559987,"best_threshold":0.29,"best_profit":60052.0575,"profit_at_t_0_2":57434.5675},"RandomForest":{"roc_auc":0.8173960219,"avg_precision":0.6745333163,"best_threshold":0.2,"best_profit":59628.1025,"profit_at_t_0_2":59628.1025},"LogisticRegression":{"roc_auc":0.6592187602,"avg_precision":0.4258447078,"best_threshold":0.475,"best_profit":27271.865,"profit_at_t_0_2":11011.66},"SVM":{"roc_auc":0.5311568664,"avg_precision":0.3225906744,"best_threshold":0.245,"best_profit":9666.1925,"profit_at_t_0_2":0.0}}}